Comparação,Diferença_Média,T_Statistic,P_Value,Cohens_D,Significativo_α005,Significativo_α001
LSTM_Simples,0.05253408136712956,8.499443670368294,1.3601275254812149e-05,4.211220624719414,True,True
Random_Forest,0.06226700579221767,7.59922845819398,3.3293352704663417e-05,4.025731799619499,True,True
SVM,0.09602411665904076,8.082137687836202,2.0398252079214897e-05,3.9731310645966325,True,True
CNN,0.052283004472877925,7.553034768551399,3.493387836475883e-05,3.450565524936524,True,True
