Técnica,F1_Macro,F1_Weighted,Precision_Macro,Recall_Macro,Samples_Original,Samples_Final,Razão_Tamanho
SMOTE ENN,0.856727882502337,0.9656262622597636,0.8409544340241428,0.8765625,5600,22400,4.0
SMOTE,0.8483089059225131,0.9641582831536152,0.8365101708015942,0.8633333333333333,5600,22400,4.0
SMOTE Tomek,0.8483089059225131,0.9641582831536152,0.8365101708015942,0.8633333333333333,5600,22400,4.0
Random Oversampling,0.8345906583702416,0.9705731597967555,0.96641321830677,0.7942708333333333,5600,22400,4.0
ADASYN,0.8246604776597073,0.9608568959237228,0.8099938557884274,0.8470833333333333,5600,22340,3.9892857142857143
Baseline,0.819856067036447,0.970321574642432,0.9158655672950923,0.7819791666666667,5600,5600,1.0
Random Undersampling,0.7771320596280271,0.9370560852094201,0.7153628609791088,0.9320833333333333,5600,280,0.05
ENN Only,0.7500023286092434,0.9452850024519969,0.8928330180433346,0.6861458333333333,5600,5245,0.9366071428571429
