Método,Acurácia_10_feat,Acurácia_15_feat,Acurácia_20_feat,mRMR_Score,Estabilidade
Information Gain,0.8074,0.8534,0.8655999999999999,-0.019969007910920183,0.02506010552429674
Mutual Information,0.7872000000000001,0.8492,0.8593999999999999,-0.04900556118931868,0.03190416204126901
Pearson Correlation,0.7934,0.8412,0.8489999999999999,-0.046674621058831696,0.02457876228689218
F Statistics,0.7934,0.8412,0.8489999999999999,-0.046674621058831696,0.02457876228689218
